{
   "Patzcuaro":   [-101.714516,19.693991,-101.527405,19.532289],
   "CuitzeoWest": [-101.015854,19.841644,-101.357117,20.034],
   "CuitzeoEast": [-100.760422,20.018516,-101.044693,19.813222],
   "Chapala":     [-102.557373,19.86231, -103.617554,20.556938]
}
